id,region_id,name_en,name_mm,code,created_at,updated_at,deleted_at
1,1,Pathein,ပုသိမ်,NULL,2021-07-28 13:00:24,2021-07-28 13:00:24,
2,1,Kangyidaunt,ကန်ကြီးထောင့်,NULL,2021-07-28 13:00:24,2021-07-28 13:00:24,
3,1,Thabaung,သာပေါင်း,NULL,2021-07-28 13:00:24,2021-07-28 13:00:24,
4,1,Ngaputaw,ငပုတော,NULL,2021-07-28 13:00:24,2021-07-28 13:00:24,
5,1,Kyonpyaw,ကျုံပျော်,NULL,2021-07-28 13:00:24,2021-07-28 13:00:24,
6,1,Yegyi,ရေကြည်,NULL,2021-07-28 13:00:24,2021-07-28 13:00:24,
7,1,Kyaunggon,ကျောင်းကုန်း,NULL,2021-07-28 13:00:24,2021-07-28 13:00:24,
8,1,Hinthada,ဟင်္သာတ,NULL,2021-07-28 13:00:24,2021-07-28 13:00:24,
9,1,Zalun,ဇလွန်,NULL,2021-07-28 13:00:24,2021-07-28 13:00:24,
10,1,Laymyethna,လေးမျက်နှာ,NULL,2021-07-28 13:00:24,2021-07-28 13:00:24,
11,1,Myanaung,မြန်အောင်,NULL,2021-07-28 13:00:24,2021-07-28 13:00:24,
12,1,Kyangin,ကြံခင်း,NULL,2021-07-28 13:00:24,2021-07-28 13:00:24,
13,1,Ingapu,အဂံပူ,NULL,2021-07-28 13:00:24,2021-07-28 13:00:24,
14,1,Myaungmya,မြောင်းမြ,NULL,2021-07-28 13:00:24,2021-07-28 13:00:24,
15,1,Einme,အိမ်မဲ,NULL,2021-07-28 13:00:24,2021-07-28 13:00:24,
16,1,Wakema,ဝါးခယ်မ,NULL,2021-07-28 13:00:24,2021-07-28 13:00:24,
17,1,Labutta,လပွတ္တာ,NULL,2021-07-28 13:00:24,2021-07-28 13:00:24,
18,1,Mawlamyinegyun,မော်လမြိုင်ကျွန်း,NULL,2021-07-28 13:00:24,2021-07-28 13:00:24,
19,1,Pantanaw,ပန်းတနော်,NULL,2021-07-28 13:00:24,2021-07-28 13:00:24,
20,1,Nyaungdon,ညောင်တုန်း,NULL,2021-07-28 13:00:24,2021-07-28 13:00:24,
21,1,Danubyu,ဓနုဖြူ,NULL,2021-07-28 13:00:24,2021-07-28 13:00:24,
22,1,Maubin,မအူပင်,NULL,2021-07-28 13:00:24,2021-07-28 13:00:24,
23,1,Pyapon,ဖျာပုံ,NULL,2021-07-28 13:00:24,2021-07-28 13:00:24,
24,1,Kyaiklat,ကျိုက်လတ်,NULL,2021-07-28 13:00:24,2021-07-28 13:00:24,
25,1,Bogale,ဘိုကလေး,NULL,2021-07-28 13:00:24,2021-07-28 13:00:24,
26,1,Dedaye,ဒေးဒရဲ,NULL,2021-07-28 13:00:24,2021-07-28 13:00:24,
27,2,Bago,ပဲခူး,NULL,2021-07-28 13:00:24,2021-07-28 13:00:24,
28,2,Thanatpin,သနပ္ပင်,NULL,2021-07-28 13:00:24,2021-07-28 13:00:24,
29,2,Kawa,ကဝ,NULL,2021-07-28 13:00:24,2021-07-28 13:00:24,
30,2,Waw,ဝေါ,NULL,2021-07-28 13:00:24,2021-07-28 13:00:24,
31,2,Nyaunglebin,ညောင်လေးပင်,NULL,2021-07-28 13:00:24,2021-07-28 13:00:24,
32,2,Kyauktaga,ကျောက်တံခါး,NULL,2021-07-28 13:00:24,2021-07-28 13:00:24,
33,2,Daik-U,ဒိုက်ဦး,NULL,2021-07-28 13:00:24,2021-07-28 13:00:24,
34,2,Shwegyin,ရွှေကျင်,NULL,2021-07-28 13:00:24,2021-07-28 13:00:24,
35,2,Taungoo,တောင်ငူ,NULL,2021-07-28 13:00:24,2021-07-28 13:00:24,
36,2,Yedashe,ရေတာရှည်,NULL,2021-07-28 13:00:24,2021-07-28 13:00:24,
37,2,Kyaukkyi,ကျောက်ကြီး,NULL,2021-07-28 13:00:24,2021-07-28 13:00:24,
38,2,Pyu,ဖြူး,NULL,2021-07-28 13:00:24,2021-07-28 13:00:24,
39,2,Oktwin,အုတ်တွင်း,NULL,2021-07-28 13:00:24,2021-07-28 13:00:24,
40,2,Tantabin,ထန်းတပင်,NULL,2021-07-28 13:00:24,2021-07-28 13:00:24,
41,2,Pyay,ပြည်,NULL,2021-07-28 13:00:24,2021-07-28 13:00:24,
42,2,Paukkaung,ပေါက်ခေါင်း,NULL,2021-07-28 13:00:24,2021-07-28 13:00:24,
43,2,Padaung,ပန်းတောင်း,NULL,2021-07-28 13:00:24,2021-07-28 13:00:24,
44,2,Paungde,ပေါင်းတည်,NULL,2021-07-28 13:00:24,2021-07-28 13:00:24,
45,2,Thegon,သဲကုန်း,NULL,2021-07-28 13:00:24,2021-07-28 13:00:24,
46,2,Shwedaung,ရွှေတောင်,NULL,2021-07-28 13:00:24,2021-07-28 13:00:24,
47,2,Thayarwaddy,သာယာဝတီ,NULL,2021-07-28 13:00:24,2021-07-28 13:00:24,
48,2,Letpadan,လက်ပံတန်း,NULL,2021-07-28 13:00:24,2021-07-28 13:00:24,
49,2,Minhla,မင်းလှ,NULL,2021-07-28 13:00:24,2021-07-28 13:00:24,
50,2,Okpho,အုတ်ဖို,NULL,2021-07-28 13:00:24,2021-07-28 13:00:24,
51,2,Zigon,ဇီးကုန်း,NULL,2021-07-28 13:00:24,2021-07-28 13:00:24,
52,2,Nattalin,နတ်တလင်း,NULL,2021-07-28 13:00:24,2021-07-28 13:00:24,
53,2,Monyo,မိုးညို,NULL,2021-07-28 13:00:24,2021-07-28 13:00:24,
54,2,Gyobingauk,ကြို့ပင်ကောက်,NULL,2021-07-28 13:00:24,2021-07-28 13:00:24,
55,3,Falam,ဖလမ်း,NULL,2021-07-28 13:00:24,2021-07-28 13:00:24,
56,3,Hakha,ဟားခါး,NULL,2021-07-28 13:00:24,2021-07-28 13:00:24,
57,3,Thantlang,ထန်တလန်,NULL,2021-07-28 13:00:24,2021-07-28 13:00:24,
58,3,Tedim,တီးတိန်,NULL,2021-07-28 13:00:24,2021-07-28 13:00:24,
59,3,Tonzang,တွန်းဇံ,NULL,2021-07-28 13:00:24,2021-07-28 13:00:24,
60,3,Mindat,မင်းတပ်,NULL,2021-07-28 13:00:24,2021-07-28 13:00:24,
61,3,Matupi,မတူပီ,NULL,2021-07-28 13:00:24,2021-07-28 13:00:24,
62,3,Kanpetlet,ကန်ပက်လက်,NULL,2021-07-28 13:00:24,2021-07-28 13:00:24,
63,3,Paletwa,ပလက်ဝ,NULL,2021-07-28 13:00:24,2021-07-28 13:00:24,
64,4,Myitkyina,မြစ်ကြီးနား,NULL,2021-07-28 13:00:24,2021-07-28 13:00:24,
65,4,Waingmaw,ဝိုင်းမော်,NULL,2021-07-28 13:00:24,2021-07-28 13:00:24,
66,4,N Jang Yang,အင်ဂျန်းယန်,NULL,2021-07-28 13:00:24,2021-07-28 13:00:24,
67,4,Tanai,တနိုင်း,NULL,2021-07-28 13:00:24,2021-07-28 13:00:24,
68,4,Chipwi,ချီဖွေ,NULL,2021-07-28 13:00:24,2021-07-28 13:00:24,
69,4,Tsawlaw,ဆော့လော်,NULL,2021-07-28 13:00:24,2021-07-28 13:00:24,
70,4,Mohnyin,မိုးညှင်း,NULL,2021-07-28 13:00:24,2021-07-28 13:00:24,
71,4,Mogaung,မိုးကောင်း,NULL,2021-07-28 13:00:24,2021-07-28 13:00:24,
72,4,Hpakan,ဖားကန့်,NULL,2021-07-28 13:00:24,2021-07-28 13:00:24,
73,4,Bhamo,ဗန်းမော်,NULL,2021-07-28 13:00:24,2021-07-28 13:00:24,
74,4,Shwegu,ရွှေကူ,NULL,2021-07-28 13:00:24,2021-07-28 13:00:24,
75,4,Momauk,မိုးမောက်,NULL,2021-07-28 13:00:24,2021-07-28 13:00:24,
76,4,Mansi,မံစီ,NULL,2021-07-28 13:00:24,2021-07-28 13:00:24,
77,4,Putao,ပူတာအို,NULL,2021-07-28 13:00:24,2021-07-28 13:00:24,
78,4,Sumprabum,ဆွန်ပရာဘွမ်,NULL,2021-07-28 13:00:24,2021-07-28 13:00:24,
79,4,Machanbaw,မချမ်းဘော,NULL,2021-07-28 13:00:24,2021-07-28 13:00:24,
80,4,Khaunglanhpu,ခေါင်လန်ဖူး,NULL,2021-07-28 13:00:24,2021-07-28 13:00:24,
81,4,Nogmung,နောင်မွန်း,NULL,2021-07-28 13:00:24,2021-07-28 13:00:24,
82,5,Loikaw,လွိုင်ကော်,NULL,2021-07-28 13:00:24,2021-07-28 13:00:24,
83,5,Demoso,ဒီမောဆို,NULL,2021-07-28 13:00:24,2021-07-28 13:00:24,
84,5,Hpruso,ဖရူဆို,NULL,2021-07-28 13:00:24,2021-07-28 13:00:24,
85,5,Shadaw,ရှားတော,NULL,2021-07-28 13:00:24,2021-07-28 13:00:24,
86,5,Bawlakhe,ဘော်လခဲ,NULL,2021-07-28 13:00:24,2021-07-28 13:00:24,
87,5,Hpasawng,ဖားဆောင်း,NULL,2021-07-28 13:00:24,2021-07-28 13:00:24,
88,5,Mese,မဲ့စဲ့,NULL,2021-07-28 13:00:24,2021-07-28 13:00:24,
89,6,Hpa-an,ဘားအံ,NULL,2021-07-28 13:00:24,2021-07-28 13:00:24,
90,6,Hlaingbwe,လှိုင်းဘွဲ့,NULL,2021-07-28 13:00:24,2021-07-28 13:00:24,
91,6,Hpapun,ဖာပွန်,NULL,2021-07-28 13:00:24,2021-07-28 13:00:24,
92,6,Thandaunggyi,သံတောင်ကြီး,NULL,2021-07-28 13:00:24,2021-07-28 13:00:24,
93,6,Myawaddy,မြဝတီ,NULL,2021-07-28 13:00:24,2021-07-28 13:00:24,
94,6,Kawkareik,ကော့ကရိတ်,NULL,2021-07-28 13:00:24,2021-07-28 13:00:24,
95,6,Kyain Seikgyi,ကြာအင်းဆိပ်ကြီး,NULL,2021-07-28 13:00:24,2021-07-28 13:00:24,
96,7,Magway,မကွေး,NULL,2021-07-28 13:00:24,2021-07-28 13:00:24,
97,7,Yenangyaung,ရေနံချောင်း,NULL,2021-07-28 13:00:24,2021-07-28 13:00:24,
98,7,Chauk,ချောက်,NULL,2021-07-28 13:00:24,2021-07-28 13:00:24,
99,7,Taungdwingyi,တောင်တွင်းကြီး,NULL,2021-07-28 13:00:24,2021-07-28 13:00:24,
100,7,Myothit,မြို့သစ်,NULL,2021-07-28 13:00:24,2021-07-28 13:00:24,
101,7,Natmauk,နတ်မောက်,NULL,2021-07-28 13:00:24,2021-07-28 13:00:24,
102,7,Minbu,မင်းဘူး,NULL,2021-07-28 13:00:24,2021-07-28 13:00:24,
103,7,Pwintbyu,ပွင့်ဖြူ,NULL,2021-07-28 13:00:24,2021-07-28 13:00:24,
104,7,Ngape,ငဖဲ,NULL,2021-07-28 13:00:24,2021-07-28 13:00:24,
105,7,Salin,စလင်း,NULL,2021-07-28 13:00:24,2021-07-28 13:00:24,
106,7,Sidoktaya,စေတုတ္တရာ,NULL,2021-07-28 13:00:24,2021-07-28 13:00:24,
107,7,Thayet,သရက်,NULL,2021-07-28 13:00:24,2021-07-28 13:00:24,
108,7,Minhla,မင်းလှ,NULL,2021-07-28 13:00:24,2021-07-28 13:00:24,
109,7,Mindon,မင်းတုန်း,NULL,2021-07-28 13:00:24,2021-07-28 13:00:24,
110,7,Kamma,ကံမ,NULL,2021-07-28 13:00:24,2021-07-28 13:00:24,
111,7,Aunglan,အောင်လံ,NULL,2021-07-28 13:00:24,2021-07-28 13:00:24,
112,7,Sinbaungwe,ဆင်ပေါင်ဝဲ,NULL,2021-07-28 13:00:24,2021-07-28 13:00:24,
113,7,Pakokku,ပခုက္ကူ,NULL,2021-07-28 13:00:24,2021-07-28 13:00:24,
114,7,Yesagyo,ရေစကြို,NULL,2021-07-28 13:00:24,2021-07-28 13:00:24,
115,7,Myaing,မြိုင်,NULL,2021-07-28 13:00:24,2021-07-28 13:00:24,
116,7,Pauk,ပေါက်,NULL,2021-07-28 13:00:24,2021-07-28 13:00:24,
117,7,Seikphyu,ဆိပ်ဖြူ,NULL,2021-07-28 13:00:24,2021-07-28 13:00:24,
118,7,Gangaw,ဂန့်ဂေါ,NULL,2021-07-28 13:00:24,2021-07-28 13:00:24,
119,7,Tilin,ထီးလင်း,NULL,2021-07-28 13:00:24,2021-07-28 13:00:24,
120,7,Saw,ဆော,NULL,2021-07-28 13:00:24,2021-07-28 13:00:24,
121,8,Aungmyaythazan,အောင်မြေသာဇံ,NULL,2021-07-28 13:00:24,2021-07-28 13:00:24,
122,8,Chanayethazan,ချမ်းအေးသာဇံ,NULL,2021-07-28 13:00:24,2021-07-28 13:00:24,
123,8,Maha Aungmye,မဟာအောင်မြေ,NULL,2021-07-28 13:00:24,2021-07-28 13:00:24,
124,8,Chanmyathasi,ချမ်းမြသာစည်,NULL,2021-07-28 13:00:24,2021-07-28 13:00:24,
125,8,Pyigyidagun,ပြည်ကြီးတံခွန်,NULL,2021-07-28 13:00:24,2021-07-28 13:00:24,
126,8,Amarapura,အမရပူရ,NULL,2021-07-28 13:00:24,2021-07-28 13:00:24,
127,8,Patheingyi,ပုသိမ်ကြီး,NULL,2021-07-28 13:00:24,2021-07-28 13:00:24,
128,8,Pyin Oo Lwin,ပြင်ဦးလွင်,NULL,2021-07-28 13:00:24,2021-07-28 13:00:24,
129,8,Madaya,မတ္တရာ,NULL,2021-07-28 13:00:24,2021-07-28 13:00:24,
130,8,Singu,စဉ့်ကူး,NULL,2021-07-28 13:00:24,2021-07-28 13:00:24,
131,8,Mogok,မိုးကုတ်,NULL,2021-07-28 13:00:24,2021-07-28 13:00:24,
132,8,Thabeikkyin,သပိတ်ကျင်း,NULL,2021-07-28 13:00:24,2021-07-28 13:00:24,
133,8,Kyaukse,ကျောက်ဆည်,NULL,2021-07-28 13:00:24,2021-07-28 13:00:24,
134,8,Sintgaing,စဉ့်ကိုင်,NULL,2021-07-28 13:00:24,2021-07-28 13:00:24,
135,8,Myittha,မြစ်သား,NULL,2021-07-28 13:00:24,2021-07-28 13:00:24,
136,8,Tada-U,တံတားဦး,NULL,2021-07-28 13:00:24,2021-07-28 13:00:24,
137,8,Myingyan,မြင်းခြံ,NULL,2021-07-28 13:00:24,2021-07-28 13:00:24,
138,8,Taungtha,တောင်သာ,NULL,2021-07-28 13:00:24,2021-07-28 13:00:24,
139,8,Natogyi,နွားထိုးကြီး,NULL,2021-07-28 13:00:24,2021-07-28 13:00:24,
140,8,Kyaukpadaung,ကျောက်ပန်းတောင်း,NULL,2021-07-28 13:00:24,2021-07-28 13:00:24,
141,8,Ngazum,ငါန်းဇွန်,NULL,2021-07-28 13:00:24,2021-07-28 13:00:24,
142,8,Nyaung-U,ညောင်ဦး,NULL,2021-07-28 13:00:24,2021-07-28 13:00:24,
143,8,Yamethin,ရမည်းသင်း,NULL,2021-07-28 13:00:24,2021-07-28 13:00:24,
144,8,Pyawbwe,ပျော်ဘွယ်,NULL,2021-07-28 13:00:24,2021-07-28 13:00:24,
145,8,Meiktila,မိတ္ထီလာ,NULL,2021-07-28 13:00:24,2021-07-28 13:00:24,
146,8,Mahlaing,မလှိုင်,NULL,2021-07-28 13:00:24,2021-07-28 13:00:24,
147,8,Thazi,သာစည်,NULL,2021-07-28 13:00:24,2021-07-28 13:00:24,
148,8,Wundwin,ဝမ်းတွင်း,NULL,2021-07-28 13:00:24,2021-07-28 13:00:24,
149,9,Mawlamyine,မော်လမြိုင်,NULL,2021-07-28 13:00:24,2021-07-28 13:00:24,
150,9,Kyaikmaraw,ကျိုက်မရော,NULL,2021-07-28 13:00:24,2021-07-28 13:00:24,
151,9,Chaungzon,ချောင်းဆုံ,NULL,2021-07-28 13:00:24,2021-07-28 13:00:24,
152,9,Thanbyuzayat,သံဖြူဇရပ်,NULL,2021-07-28 13:00:24,2021-07-28 13:00:24,
153,9,Mudon,မုဒုံ,NULL,2021-07-28 13:00:24,2021-07-28 13:00:24,
154,9,Ye,ရေး,NULL,2021-07-28 13:00:24,2021-07-28 13:00:24,
155,9,Thaton,သထုံ,NULL,2021-07-28 13:00:24,2021-07-28 13:00:24,
156,9,Paung,ပေါင်,NULL,2021-07-28 13:00:24,2021-07-28 13:00:24,
157,9,Kyaikto,ကျိုက်ထို,NULL,2021-07-28 13:00:24,2021-07-28 13:00:24,
158,9,Bilin,ဘီးလင်း,NULL,2021-07-28 13:00:24,2021-07-28 13:00:24,
159,9,Kyaikkhami,ကျိုက္ခမီ,NULL,2021-07-28 13:00:24,2021-07-28 13:00:24,
160,10,Zeyathiri,ဇေယျာသီရိ,NULL,2021-07-28 13:00:24,2021-07-28 13:00:24,
161,10,Pobbathiri,ပုဗ္ဗသီရိ,NULL,2021-07-28 13:00:24,2021-07-28 13:00:24,
162,10,Oattara Thiri,ဥတ္တရသီရီ,NULL,2021-07-28 13:00:24,2021-07-28 13:00:24,
163,10,Zabuthiri,ဇမ္ဗူသီရိ,NULL,2021-07-28 13:00:24,2021-07-28 13:00:24,
164,10,Dekkhina Thiri,ဒက္ခိဏသီရိ,NULL,2021-07-28 13:00:24,2021-07-28 13:00:24,
165,10,Pyinmana,ပျဉ်းမနား,NULL,2021-07-28 13:00:24,2021-07-28 13:00:24,
166,10,Tatkon,တပ်ကုန်း,NULL,2021-07-28 13:00:24,2021-07-28 13:00:24,
167,10,Lewe,လယ်ဝေး,NULL,2021-07-28 13:00:24,2021-07-28 13:00:24,
168,11,Sittwe,စစ်တွေ,NULL,2021-07-28 13:00:24,2021-07-28 13:00:24,
169,11,Ponnagyun,ပုဏ္ဏားကျွန်း,NULL,2021-07-28 13:00:24,2021-07-28 13:00:24,
170,11,Mrauk-U,မြောက်ဦး,NULL,2021-07-28 13:00:24,2021-07-28 13:00:24,
171,11,Kyauktaw,ကျောက်တော်,NULL,2021-07-28 13:00:24,2021-07-28 13:00:24,
172,11,Minbya,မင်းပြား,NULL,2021-07-28 13:00:24,2021-07-28 13:00:24,
173,11,Myebon,မြေပုံ,NULL,2021-07-28 13:00:24,2021-07-28 13:00:24,
174,11,Pauktaw,ပေါက်တော,NULL,2021-07-28 13:00:24,2021-07-28 13:00:24,
175,11,Rathedaung,ရသေ့တောင်,NULL,2021-07-28 13:00:24,2021-07-28 13:00:24,
176,11,Maungdaw,မောင်တော,NULL,2021-07-28 13:00:24,2021-07-28 13:00:24,
177,11,Buthidaung,ဘူးသီးတောင်,NULL,2021-07-28 13:00:24,2021-07-28 13:00:24,
178,11,Kyaukpyu,ကျောက်ဖြူ,NULL,2021-07-28 13:00:24,2021-07-28 13:00:24,
179,11,Munaung,မာန်အောင်,NULL,2021-07-28 13:00:24,2021-07-28 13:00:24,
180,11,Ramree,ရမ်းဗြဲ,NULL,2021-07-28 13:00:24,2021-07-28 13:00:24,
181,11,Ann,အမ်း,NULL,2021-07-28 13:00:24,2021-07-28 13:00:24,
182,11,Thandwe,သံတွဲ,NULL,2021-07-28 13:00:24,2021-07-28 13:00:24,
183,11,Taungup,တောင်ကုတ်,NULL,2021-07-28 13:00:24,2021-07-28 13:00:24,
184,11,Gwa,ဂွ,NULL,2021-07-28 13:00:24,2021-07-28 13:00:24,
185,12,Sagaing,စစ်ကိုင်း,NULL,2021-07-28 13:00:24,2021-07-28 13:00:24,
186,12,Myinmu,မြင်းမူ,NULL,2021-07-28 13:00:24,2021-07-28 13:00:24,
187,12,Myaung,မြောင်,NULL,2021-07-28 13:00:24,2021-07-28 13:00:24,
188,12,Shwebo,ရွှေဘို,NULL,2021-07-28 13:00:24,2021-07-28 13:00:24,
189,12,Khin-U,ခင်ဦး,NULL,2021-07-28 13:00:24,2021-07-28 13:00:24,
190,12,Wetlet,ဝက်လက်,NULL,2021-07-28 13:00:24,2021-07-28 13:00:24,
191,12,Kanbalu,ကန့်ဘလူ,NULL,2021-07-28 13:00:24,2021-07-28 13:00:24,
192,12,Kyunhla,ကျွန်းလှ,NULL,2021-07-28 13:00:24,2021-07-28 13:00:24,
193,12,Ye-U,ရေဦး,NULL,2021-07-28 13:00:24,2021-07-28 13:00:24,
194,12,Tabayin,ဒီပဲယင်း,NULL,2021-07-28 13:00:24,2021-07-28 13:00:24,
195,12,Tant-Se,တန့်ဆည်,NULL,2021-07-28 13:00:24,2021-07-28 13:00:24,
196,12,Monywa,မုံရွာ,NULL,2021-07-28 13:00:24,2021-07-28 13:00:24,
197,12,Budalin,ဘုတလင်,NULL,2021-07-28 13:00:24,2021-07-28 13:00:24,
198,12,Ayadaw,အရာတော်,NULL,2021-07-28 13:00:24,2021-07-28 13:00:24,
199,12,Chaung-U,ချောင်းဦး,NULL,2021-07-28 13:00:24,2021-07-28 13:00:24,
200,12,Yinmabin,ယင်းမာပင်,NULL,2021-07-28 13:00:24,2021-07-28 13:00:24,
201,12,Kani,ကနီ,NULL,2021-07-28 13:00:24,2021-07-28 13:00:24,
202,12,Salingyi,ဆားလင်းကြီး,NULL,2021-07-28 13:00:24,2021-07-28 13:00:24,
203,12,Pale,ပုလဲ,NULL,2021-07-28 13:00:24,2021-07-28 13:00:24,
204,12,Katha,ကသာ,NULL,2021-07-28 13:00:24,2021-07-28 13:00:24,
205,12,Indaw,အင်းတော်,NULL,2021-07-28 13:00:24,2021-07-28 13:00:24,
206,12,Htigyaing,ထီးချိုင့်,NULL,2021-07-28 13:00:24,2021-07-28 13:00:24,
207,12,Banmauk,ဗန်းမောက်,NULL,2021-07-28 13:00:24,2021-07-28 13:00:24,
208,12,Kawlin,ကောလင်း,NULL,2021-07-28 13:00:24,2021-07-28 13:00:24,
209,12,Wuntho,ဝန်းသို,NULL,2021-07-28 13:00:24,2021-07-28 13:00:24,
210,12,Pinlebu,ပင်လည်ဘူး,NULL,2021-07-28 13:00:24,2021-07-28 13:00:24,
211,12,Kale,ကလေး,NULL,2021-07-28 13:00:24,2021-07-28 13:00:24,
212,12,Kalewa,ကလေးဝ,NULL,2021-07-28 13:00:24,2021-07-28 13:00:24,
213,12,Mingin,မင်းကင်း,NULL,2021-07-28 13:00:24,2021-07-28 13:00:24,
214,12,Tamu,တမူး,NULL,2021-07-28 13:00:24,2021-07-28 13:00:24,
215,12,Mawlaik,မော်လိုက်,NULL,2021-07-28 13:00:24,2021-07-28 13:00:24,
216,12,Paungbyin,ဖောင်းပြင်,NULL,2021-07-28 13:00:24,2021-07-28 13:00:24,
217,12,Hkamti,ခန္တီး,NULL,2021-07-28 13:00:24,2021-07-28 13:00:24,
218,12,Homalin,ဟုမ္မလင်း,NULL,2021-07-28 13:00:24,2021-07-28 13:00:24,
219,12,Leshi,လေရှီး,NULL,2021-07-28 13:00:24,2021-07-28 13:00:24,
220,12,Lahe,လဟယ်,NULL,2021-07-28 13:00:24,2021-07-28 13:00:24,
221,12,Nanyun,နန်းယွန်း,NULL,2021-07-28 13:00:24,2021-07-28 13:00:24,
222,13,Taunggyi,တောင်ကြီး,NULL,2021-07-28 13:00:24,2021-07-28 13:00:24,
223,13,Nyaungshwe,ညောင်ရွှေ,NULL,2021-07-28 13:00:24,2021-07-28 13:00:24,
224,13,Hopong,ဟိုပုံး,NULL,2021-07-28 13:00:24,2021-07-28 13:00:24,
225,13,Hsihseng,ဆီဆိုင်,NULL,2021-07-28 13:00:24,2021-07-28 13:00:24,
226,13,Kalaw,ကလော,NULL,2021-07-28 13:00:24,2021-07-28 13:00:24,
227,13,Pindaya,ပင်းတယ,NULL,2021-07-28 13:00:24,2021-07-28 13:00:24,
228,13,Ywangan,ရွာငံ,NULL,2021-07-28 13:00:24,2021-07-28 13:00:24,
229,13,Lawksawk,ရပ်စောက်,NULL,2021-07-28 13:00:24,2021-07-28 13:00:24,
230,13,Pinlaung,ပင်လောင်း,NULL,2021-07-28 13:00:24,2021-07-28 13:00:24,
231,13,Pekon,ဖယ်ခုံ,NULL,2021-07-28 13:00:24,2021-07-28 13:00:24,
232,13,Loilem,လွိုင်လင်,NULL,2021-07-28 13:00:24,2021-07-28 13:00:24,
233,13,Lai-Hka,လဲချား,NULL,2021-07-28 13:00:24,2021-07-28 13:00:24,
234,13,Nansang,နမ့်စန်,NULL,2021-07-28 13:00:24,2021-07-28 13:00:24,
235,13,Kunhing,ကွန်ဟိန်း,NULL,2021-07-28 13:00:24,2021-07-28 13:00:24,
236,13,Kyethi,ကျေးသီး,NULL,2021-07-28 13:00:24,2021-07-28 13:00:24,
237,13,Mong Kung,မိုင်းကိုင်,NULL,2021-07-28 13:00:24,2021-07-28 13:00:24,
238,13,Mong Hsu,မိုင်းရှူး,NULL,2021-07-28 13:00:24,2021-07-28 13:00:24,
239,13,Langhko,လင်းခေး,NULL,2021-07-28 13:00:24,2021-07-28 13:00:24,
240,13,Mong Nai,မိုးနဲ,NULL,2021-07-28 13:00:24,2021-07-28 13:00:24,
241,13,Mong Pan,မိုင်းပန်,NULL,2021-07-28 13:00:24,2021-07-28 13:00:24,
242,13,Mawkmai,မောက်မယ်,NULL,2021-07-28 13:00:24,2021-07-28 13:00:24,
243,13,Lashio,လားရှိုး,NULL,2021-07-28 13:00:24,2021-07-28 13:00:24,
244,13,Hsenwi,သိန္နီ,NULL,2021-07-28 13:00:24,2021-07-28 13:00:24,
245,13,Mongyai,မိုင်းရယ်,NULL,2021-07-28 13:00:24,2021-07-28 13:00:24,
246,13,Tangyan,တန့်ယန်း,NULL,2021-07-28 13:00:24,2021-07-28 13:00:24,
247,13,Pangsang,ပန်ဆန်း,NULL,2021-07-28 13:00:24,2021-07-28 13:00:24,
248,13,Namphan,နားဖန်,NULL,2021-07-28 13:00:24,2021-07-28 13:00:24,
249,13,Pangwaun,ပန်ဝိုင်း,NULL,2021-07-28 13:00:24,2021-07-28 13:00:24,
250,13,Mongmao,မိုင်းမော,NULL,2021-07-28 13:00:24,2021-07-28 13:00:24,
251,13,Mu Se,မူဆယ်,NULL,2021-07-28 13:00:24,2021-07-28 13:00:24,
252,13,Namhkam,နမ့်ခမ်း,NULL,2021-07-28 13:00:24,2021-07-28 13:00:24,
253,13,Kutkai,ကွတ်ခိုင်,NULL,2021-07-28 13:00:24,2021-07-28 13:00:24,
254,13,Kyaukme,ကျောက်မဲ,NULL,2021-07-28 13:00:24,2021-07-28 13:00:24,
255,13,Nawnghkio,နောင်ချို,NULL,2021-07-28 13:00:24,2021-07-28 13:00:24,
256,13,Hsipaw,သီပေါ,NULL,2021-07-28 13:00:24,2021-07-28 13:00:24,
257,13,Namtu,နမ္မတူ,NULL,2021-07-28 13:00:24,2021-07-28 13:00:24,
258,13,Namhsan,နမ့်ဆန်,NULL,2021-07-28 13:00:24,2021-07-28 13:00:24,
259,13,Mongmit,မိုးမိတ်,NULL,2021-07-28 13:00:24,2021-07-28 13:00:24,
260,13,Mabein,မဘိမ်း,NULL,2021-07-28 13:00:24,2021-07-28 13:00:24,
261,13,Mantong,မန်တုံ,NULL,2021-07-28 13:00:24,2021-07-28 13:00:24,
262,13,Kunlong,ကွမ်းလုံ,NULL,2021-07-28 13:00:24,2021-07-28 13:00:24,
263,13,Hopang,ဟိုပန်,NULL,2021-07-28 13:00:24,2021-07-28 13:00:24,
264,13,Laukkaing,လောက်ကိုင်,NULL,2021-07-28 13:00:24,2021-07-28 13:00:24,
265,13,Konkyan,ကုန်းကြမ်း,NULL,2021-07-28 13:00:24,2021-07-28 13:00:24,
266,13,Kengtung,ကျိုင်းတုံ,NULL,2021-07-28 13:00:24,2021-07-28 13:00:24,
267,13,Mongla,မိုင်းလား,NULL,2021-07-28 13:00:24,2021-07-28 13:00:24,
268,13,Mong Khet,မိုင်းခတ်,NULL,2021-07-28 13:00:24,2021-07-28 13:00:24,
269,13,Mong Yang,မိုင်းယန်း,NULL,2021-07-28 13:00:24,2021-07-28 13:00:24,
270,13,Matman,မက်မန်း,NULL,2021-07-28 13:00:24,2021-07-28 13:00:24,
271,13,Mong Hsat,မိုင်းဆတ်,NULL,2021-07-28 13:00:24,2021-07-28 13:00:24,
272,13,Mong Ping,မိုင်းပြင်း,NULL,2021-07-28 13:00:24,2021-07-28 13:00:24,
273,13,Mong Ton,မိုင်းတုံ,NULL,2021-07-28 13:00:24,2021-07-28 13:00:24,
274,13,Tachileik,တာချီလိတ်,NULL,2021-07-28 13:00:24,2021-07-28 13:00:24,
275,13,Mong Hpayak,မိုင်းဖြတ်,NULL,2021-07-28 13:00:24,2021-07-28 13:00:24,
276,13,Mong Yawng,မိုင်းယောင်း,NULL,2021-07-28 13:00:24,2021-07-28 13:00:24,
277,14,Dawei,ထားဝယ်,NULL,2021-07-28 13:00:24,2021-07-28 13:00:24,
278,14,Launglon,လောင်းလုံ,NULL,2021-07-28 13:00:24,2021-07-28 13:00:24,
279,14,Thayetchaung,သရက်ချောင်း,NULL,2021-07-28 13:00:24,2021-07-28 13:00:24,
280,14,Yebyu,ရေဖြူ,NULL,2021-07-28 13:00:24,2021-07-28 13:00:24,
281,14,Myeik,မြိတ်,NULL,2021-07-28 13:00:24,2021-07-28 13:00:24,
282,14,Kyunsu,ကျွန်းစု,NULL,2021-07-28 13:00:24,2021-07-28 13:00:24,
283,14,Palaw,ပုလော,NULL,2021-07-28 13:00:24,2021-07-28 13:00:24,
284,14,Tanintharyi,တနင်္သာရီ,NULL,2021-07-28 13:00:24,2021-07-28 13:00:24,
285,14,Kawthaung,ကော့သောင်း,NULL,2021-07-28 13:00:24,2021-07-28 13:00:24,
286,14,Bokpyin,ဘုတ်ပြင်း,NULL,2021-07-28 13:00:24,2021-07-28 13:00:24,
287,15,Insein,အင်းစိန်,NULL,2021-07-28 13:00:24,2021-07-28 13:00:24,
288,15,Mingaladon,မင်္ဂလာဒုံ,NULL,2021-07-28 13:00:24,2021-07-28 13:00:24,
289,15,Hmawbi,မှော်ဘီ,NULL,2021-07-28 13:00:24,2021-07-28 13:00:24,
290,15,Hlegu,လှည်းကူး,NULL,2021-07-28 13:00:24,2021-07-28 13:00:24,
291,15,Taikkyi,တိုက်ကြီး,NULL,2021-07-28 13:00:24,2021-07-28 13:00:24,
292,15,Tantabin,ထန်းတပင်,NULL,2021-07-28 13:00:24,2021-07-28 13:00:24,
293,15,Shwepyitha,ရွှေပြည်သာ,NULL,2021-07-28 13:00:24,2021-07-28 13:00:24,
294,15,Hlaingthaya,လှိုင်သာယာ,NULL,2021-07-28 13:00:24,2021-07-28 13:00:24,
295,15,Thingangyun,သင်္ဃန်းကျွန်း,NULL,2021-07-28 13:00:24,2021-07-28 13:00:24,
296,15,Yankin,ရန်ကင်း,NULL,2021-07-28 13:00:24,2021-07-28 13:00:24,
297,15,South Okkalapa,တောင်ဥက္ကလာပ,NULL,2021-07-28 13:00:24,2021-07-28 13:00:24,
298,15,North Okkalapa,မြောက်ဥက္ကလာပ,NULL,2021-07-28 13:00:24,2021-07-28 13:00:24,
299,15,Thaketa,သာကေတ,NULL,2021-07-28 13:00:24,2021-07-28 13:00:24,
300,15,Dawbon,ဒေါပုံ,NULL,2021-07-28 13:00:24,2021-07-28 13:00:24,
301,15,Tamwe,တာမွေ,NULL,2021-07-28 13:00:24,2021-07-28 13:00:24,
302,15,Pazundaung,ပုဇွန်တောင်,NULL,2021-07-28 13:00:24,2021-07-28 13:00:24,
303,15,Botataung,ဗိုလ်တထောင်,NULL,2021-07-28 13:00:24,2021-07-28 13:00:24,
304,15,Mingala Taungnyunt,မင်္ဂလာတောင်ညွန့်,NULL,2021-07-28 13:00:24,2021-07-28 13:00:24,
305,15,North Dagon (မြောက်ပိုင်း),ဒဂုံမြို့သစ် (မြောက်ပိုင်း),NULL,2021-07-28 13:00:24,2021-07-28 13:00:24,
306,15,South Dagon (တောင်ပိုင်း),ဒဂုံမြို့သစ် (တောင်ပိုင်း),NULL,2021-07-28 13:00:24,2021-07-28 13:00:24,
307,15,East Dagon,ဒဂုံမြို့သစ် (အရှေ့ပိုင်း),NULL,2021-07-28 13:00:24,2021-07-28 13:00:24,
308,15,Dagon Seikkan,ဒဂုံမြို့သစ် (ဆိပ်ကမ်း),NULL,2021-07-28 13:00:24,2021-07-28 13:00:24,
309,15,Thanlyin,သန်လျင်,NULL,2021-07-28 13:00:24,2021-07-28 13:00:24,
310,15,Thongwa,သုံးခွ,NULL,2021-07-28 13:00:24,2021-07-28 13:00:24,
311,15,Kyauktan,ကျောက်တန်း,NULL,2021-07-28 13:00:24,2021-07-28 13:00:24,
312,15,Kayan,ခရမ်း,NULL,2021-07-28 13:00:24,2021-07-28 13:00:24,
313,15,Twante,တွံတေး,NULL,2021-07-28 13:00:24,2021-07-28 13:00:24,
314,15,Kungyangon,ကွမ်းခြံကုန်း,NULL,2021-07-28 13:00:24,2021-07-28 13:00:24,
315,15,Kawhmu,ကော့မှူး,NULL,2021-07-28 13:00:24,2021-07-28 13:00:24,
316,15,Dala,ဒလ,NULL,2021-07-28 13:00:24,2021-07-28 13:00:24,
317,15,Seikkyi Kanaungto,ဆိပ်ကြီးခနောင်တို,NULL,2021-07-28 13:00:24,2021-07-28 13:00:24,
318,15,Cocokyun,ကိုကိုးကျွန်း,NULL,2021-07-28 13:00:24,2021-07-28 13:00:24,
319,15,Kyauktada,ကျောက်တံတား,NULL,2021-07-28 13:00:24,2021-07-28 13:00:24,
320,15,Latha,လသာ,NULL,2021-07-28 13:00:24,2021-07-28 13:00:24,
321,15,Lanmadaw,လမ်းမတော်,NULL,2021-07-28 13:00:24,2021-07-28 13:00:24,
322,15,Pabedan,ပန်းဘဲတန်း,NULL,2021-07-28 13:00:24,2021-07-28 13:00:24,
323,15,Ahlon,အလုံ,NULL,2021-07-28 13:00:24,2021-07-28 13:00:24,
324,15,Kyimyindaing,ကြည့်မြင်တိုင်,NULL,2021-07-28 13:00:24,2021-07-28 13:00:24,
325,15,Sanchaung,စမ်းချောင်း,NULL,2021-07-28 13:00:24,2021-07-28 13:00:24,
326,15,Kamayut,ကမာရွတ်,NULL,2021-07-28 13:00:24,2021-07-28 13:00:24,
327,15,Hlaing,လှိုင်,NULL,2021-07-28 13:00:24,2021-07-28 13:00:24,
328,15,Mayangon,မရမ်းကုန်း,NULL,2021-07-28 13:00:24,2021-07-28 13:00:24,
329,15,Bahan,ဗဟန်း,NULL,2021-07-28 13:00:24,2021-07-28 13:00:24,
330,15,Dagon,ဒဂုံ,NULL,2021-07-28 13:00:24,2021-07-28 13:00:24,
331,15,Seikkan,ဆိပ်ကမ်း,NULL,2021-07-28 13:00:24,2021-07-28 13:00:24,
